text_id,text
1,リキッド ニューラル ネットワーク (LNN) とは何ですか? – ディープダイブ
2,A リキッドニューラルネットワーク 時間的に連続している リカレントニューラルネットワーク（RNN） データを順次処理し、過去の入力のメモリを保持し、新しい入力に基づいて動作を調整し、可変長の入力を処理して NN のタスク理解能力を強化します。 
3,LNN アーキテクチャは、連続データまたは時系列データを効率的に処理できるため、従来のニューラル ネットワークとは異なります。 新しいデータが利用可能な場合、LNN は層ごとのニューロンと接続の数を変更できます。
4,"リキッドニューラルネットワークの先駆者、 ラミン・ハサニ, マティアス・レヒナー、他の人が取っています ひらめき 微細な線虫 C.elegans、徹底的に構造化された神経系を備えた長さ 1 mm の線虫で、食べ物を見つけたり、睡眠をとったり、周囲から学習したりするなどの複雑なタスクを実行できます。"
5,「神経系には 302 個のニューロンしかありません。」 ハサニは言います、 「それでも、予想外に複雑なダイナミクスを生成する可能性があります。」  
6,LNN は、相互にリンクされた電気接続やワームのインパルスを模倣して、時間の経過に伴うネットワークの動作を予測します。 ネットワークは、任意の瞬間のシステム状態を表します。 これは、特定の時点でのシステム状態を提示する従来の NN アプローチからの脱却です。
7,したがって、リキッド ニューラル ネットワークには XNUMX つの重要な機能があります。
8,1. 動的なアーキテクチャ: そのニューロンは通常のニューラル ネットワークのニューロンよりも表現力が高く、LNN をより解釈しやすくしています。 リアルタイムの順次データを効果的に処理できます。
9,2. 継続的な学習と適応力: LNN はトレーニング後でも変化するデータに適応し、モデルのトレーニング段階後に新しい情報の学習を停止する従来の NN と比較して、生物の脳をより正確に模倣します。 したがって、LNN は正確な結果を生成するために大量のラベル付きトレーニング データを必要としません。
10,LLM ニューロンは、より多くの情報を表現できる豊富な接続を提供するため、通常の NN に比べてサイズが小さくなります。 したがって、研究者は、LNN がどのように決定に至ったかを説明することが容易になります。 また、モデルのサイズが小さくなり、計算量が少なくなるため、エンタープライズ レベルでの拡張性が高まります。 さらに、これらのネットワークは、NN と比較して、入力信号のノイズや外乱に対する耐性が高くなります。
11,リキッド ニューラル ネットワークは、次のような連続的なシーケンシャル データを含むユースケースで威力を発揮します。
12,1. 時系列データの処理と予測
13,研究者はいくつかの課題に直面しています 課題 時系列データの時間依存性、非定常性、ノイズなどを含む時系列データをモデル化します。
14,リキッド ニューラル ネットワークは、時系列データの処理と予測を目的として構築されています。 ハサニ氏によると、時系列データは世界を正しく理解するために極めて重要であり、遍在するものです。 「現実の世界はすべてシーケンスです。 私たちの知覚でさえ、あなたはイメージを知覚しているのではなく、一連のイメージを知覚しているのです。」 彼は言う。
15,2. 画像およびビデオ処理
16,LNN は、オブジェクト追跡、画像セグメンテーション、認識などの画像処理およびビジョンベースのタスクを実行できます。 その動的な性質により、環境の複雑さ、パターン、時間的ダイナミクスに基づいて継続的に改善することができます。
17,"たとえば、MIT の研究者は次のことを発見しました。 ドローンは 20,000 パラメータの小型 LNN モデルによって誘導可能 これは、他のニューラル ネットワークよりも、これまで見たことのない環境をナビゲートする際に優れたパフォーマンスを発揮します。 これらの優れたナビゲーション機能は、より正確な自動運転車の構築に使用できます。"
18,3. 自然言語理解
19,適応性、リアルタイム学習機能、動的なトポロジーにより、リキッド ニューラル ネットワークは長い自然言語テキスト シーケンスを理解するのに非常に優れています。
20,根底にある感情を理解することを目的とした NLP タスクであるセンチメント分析について考えてみましょう。 感情 テキストの後ろ。 LNN のリアルタイム データから学習する能力は、進化する方言や新しいフレーズを分析するのに役立ち、より正確な感情分析を可能にします。 同様の機能は機械翻訳でも役立ちます。
21,リキッド ニューラル ネットワークは、固定パターンでコンテキストに依存せずに動作する、柔軟性に欠けた従来のニューラル ネットワークを打ち破りました。 しかし、それらにはいくつかの制約や課題もあります。
22,1. 勾配消失問題
23,他の時間連続モデルと同様に、LNN は勾配降下法でトレーニングすると勾配消失問題が発生する可能性があります。ディープ ニューラル ネットワークでは、ニューラル ネットワークの重みの更新に使用される勾配が極端に小さくなったときに、勾配消失の問題が発生します。この問題により、ニューラル ネットワークが最適な重みに到達できなくなります。これにより、長期的な依存関係を効果的に学習する能力が制限される可能性があります。
24,2. パラメータのチューニング
25,他のニューラル ネットワークと同様、LNN にもパラメーター調整という課題が伴います。 リキッド ニューラル ネットワークのパラメーター調整は時間とコストがかかります。 LNN には複数のパラメータがあります。 ODE (常微分方程式) ソルバー、正則化パラメータ、およびネットワーク アーキテクチャ。最高のパフォーマンスを達成するには、これらを調整する必要があります。
26,適切なパラメータ設定を見つけるには、多くの場合、反復プロセスが必要となり、時間がかかります。 パラメーターの調整が非効率的であるか、正しく行われていない場合、ネットワーク応答が最適化されず、パフォーマンスが低下する可能性があります。 しかし、研究者らは、特定のタスクを実行するために必要なニューロンの数をいかに少なくするかを解明することで、この問題を克服しようとしている。
27,3. 文献の不足
28,リキッド ニューラル ネットワークの実装、応用、利点に関する文献は限られています。 研究が限られているため、LNN の最大の可能性と限界を理解するのは困難です。 これらは、畳み込みニューラル ネットワーク (CNN)、RNN、またはトランスフォーマー アーキテクチャほど広くは認識されていません。 研究者たちは、その潜在的な使用例をまだ実験中です。
29,ニューラル ネットワークは、MLP (多層パーセプトロン) からリキッド ニューラル ネットワークに進化しました。 LNN は、従来のニューラル ネットワークよりも動的、適応性、効率性、堅牢性が高く、多くの潜在的な使用例があります。
30,私たちは巨人の肩の上に成り立っています。 AI が急速に進化し続けるにつれて、現在の技術の課題や制約に対処し、さらなる利点をもたらす新しい最先端の技術が登場するでしょう。
